{
  "version": "1",
  "cognitoConfig": {
    "identityPoolName": "testAuthIdentityPool",
    "allowUnauthenticatedIdentities": true,
    "resourceNameTruncated": "bybus93bc2b29",
    "userPoolName": "bybus",
    "autoVerifiedAttributes": [
      "email"
    ],
    "mfaConfiguration": "OFF",
    "mfaTypes": [
      "SMS Text Message"
    ],
    "smsAuthenticationMessage": "Your authentication code is {####}",
    "smsVerificationMessage": "Your verification code is {####}",
    "emailVerificationSubject": "Verification code: {####}",
    "emailVerificationMessage": "Verification code: {####}",
    "defaultPasswordPolicy": false,
    "passwordPolicyMinLength": 8,
    "passwordPolicyCharacters": [],
    "requiredAttributes": [
      "email",
      "name"
    ],
    "aliasAttributes": [],
    "userpoolClientGenerateSecret": false,
    "userpoolClientRefreshTokenValidity": 30,
    "userpoolClientWriteAttributes": [],
    "userpoolClientReadAttributes": [],
    "userpoolClientLambdaRole": "bybus93bc2b29_userpoolclient_lambda_role",
    "userpoolClientSetAttributes": false,
    "sharedId": "93bc2b29",
    "resourceName": "bybus",
    "authSelections": "identityPoolAndUserPool",
    "serviceName": "Cognito",
    "usernameAttributes": [
      "email"
    ],
    "useDefault": "manual",
    "userPoolGroups": true,
    "userPoolGroupList": [
      "sp",
      "admin",
      "agency"
    ],
    "adminQueries": false,
    "thirdPartyAuth": false,
    "authProviders": [],
    "usernameCaseSensitive": false,
    "useEnabledMfas": true,
    "authRoleArn": {
      "Fn::GetAtt": [
        "AuthRole",
        "Arn"
      ]
    },
    "unauthRoleArn": {
      "Fn::GetAtt": [
        "UnauthRole",
        "Arn"
      ]
    },
    "breakCircularDependency": true,
    "dependsOn": [],
    "triggers": {},
    "hostedUI": false,
    "parentStack": {
      "Ref": "AWS::StackId"
    },
    "permissions": []
  }
}