{
  "api": {
    "bybusgraphql": {
      "dependsOn": [
        {
          "attributes": [
            "UserPoolId"
          ],
          "category": "auth",
          "resourceName": "bybus"
        }
      ],
      "output": {
        "authConfig": {
          "additionalAuthenticationProviders": [
            {
              "authenticationType": "AMAZON_COGNITO_USER_POOLS",
              "userPoolConfig": {
                "userPoolId": "authbybus"
              }
            }
          ],
          "defaultAuthentication": {
            "authenticationType": "AWS_IAM"
          }
        }
      },
      "providerPlugin": "awscloudformation",
      "service": "AppSync"
    }
  },
  "auth": {
    "bybus": {
      "customAuth": false,
      "dependsOn": [],
      "frontendAuthConfig": {
        "mfaConfiguration": "OFF",
        "mfaTypes": [
          "SMS"
        ],
        "passwordProtectionSettings": {
          "passwordPolicyCharacters": [],
          "passwordPolicyMinLength": 8
        },
        "signupAttributes": [
          "EMAIL",
          "NAME"
        ],
        "socialProviders": [],
        "usernameAttributes": [
          "EMAIL"
        ],
        "verificationMechanisms": [
          "EMAIL"
        ]
      },
      "providerPlugin": "awscloudformation",
      "service": "Cognito"
    },
    "userPoolGroups": {
      "dependsOn": [
        {
          "attributes": [
            "UserPoolId",
            "AppClientIDWeb",
            "AppClientID",
            "IdentityPoolId"
          ],
          "category": "auth",
          "resourceName": "bybus"
        }
      ],
      "providerPlugin": "awscloudformation",
      "service": "Cognito-UserPool-Groups"
    }
  },
  "function": {
    "bybus508ffe57": {
      "build": true,
      "dependsOn": [],
      "providerPlugin": "awscloudformation",
      "service": "Lambda"
    },
    "createAgencyAdmin": {
      "build": true,
      "dependsOn": [
        {
          "attributes": [
            "UserPoolId"
          ],
          "category": "auth",
          "resourceName": "bybus"
        },
        {
          "attributes": [
            "GraphQLAPIIdOutput",
            "GraphQLAPIEndpointOutput"
          ],
          "category": "api",
          "resourceName": "bybusgraphql"
        }
      ],
      "providerPlugin": "awscloudformation",
      "service": "Lambda"
    }
  },
  "parameters": {
    "AMPLIFY_function_bybus508ffe57_deploymentBucketName": {
      "usedBy": [
        {
          "category": "function",
          "resourceName": "bybus508ffe57"
        }
      ]
    },
    "AMPLIFY_function_bybus508ffe57_s3Key": {
      "usedBy": [
        {
          "category": "function",
          "resourceName": "bybus508ffe57"
        }
      ]
    },
    "AMPLIFY_function_createAgencyAdmin_deploymentBucketName": {
      "usedBy": [
        {
          "category": "function",
          "resourceName": "createAgencyAdmin"
        }
      ]
    },
    "AMPLIFY_function_createAgencyAdmin_s3Key": {
      "usedBy": [
        {
          "category": "function",
          "resourceName": "createAgencyAdmin"
        }
      ]
    }
  },
  "storage": {
    "s3bybus": {
      "dependsOn": [],
      "providerPlugin": "awscloudformation",
      "service": "S3"
    }
  }
}